Allopurinol	M04AA01	liver failure, acute
Allopurinol	M04AA01	drug-induced liver injury
Allopurinol	M04AA01	acute myocardial infarction
Allopurinol	M04AA01	acute renal failure
Allopurinol	M04AA01	anaphylactic shock
Allopurinol	M04AA01	bullous eruptions
Allopurinol	M04AA01	neutropenia
Allopurinol	M04AA01	agranulocytosis
Allopurinol	M04AA01	aplastic anaemia
Allopurinol	M04AA01	pancytopenia
Allopurinol	M04AA01	rhabdomyolysis
Allopurinol	M04AA01	upper gastrointestinal bleeding
Almotriptan	N02CC05	liver failure, acute
Almotriptan	N02CC05	drug-induced liver injury
Almotriptan	N02CC05	acute myocardial infarction
Almotriptan	N02CC05	acute renal failure
Almotriptan	N02CC05	anaphylactic shock
Almotriptan	N02CC05	bullous eruptions
Almotriptan	N02CC05	neutropenia
Almotriptan	N02CC05	agranulocytosis
Almotriptan	N02CC05	aplastic anaemia
Almotriptan	N02CC05	pancytopenia
Almotriptan	N02CC05	rhabdomyolysis
Almotriptan	N02CC05	upper gastrointestinal bleeding
Aluminium	A02AB	liver failure, acute
Aluminium	A02AB	drug-induced liver injury
Aluminium	A02AB	acute myocardial infarction
Aluminium	A02AB	acute renal failure
Aluminium	A02AB	anaphylactic shock
Aluminium	A02AB	bullous eruptions
Aluminium	A02AB	neutropenia
Aluminium	A02AB	agranulocytosis
Aluminium	A02AB	aplastic anaemia
Aluminium	A02AB	pancytopenia
Aluminium	A02AB	rhabdomyolysis
Aluminium	A02AB	upper gastrointestinal bleeding
Amifostine	V03AF05	liver failure, acute
Amifostine	V03AF05	drug-induced liver injury
Amifostine	V03AF05	acute myocardial infarction
Amifostine	V03AF05	acute renal failure
Amifostine	V03AF05	anaphylactic shock
Amifostine	V03AF05	bullous eruptions
Amifostine	V03AF05	neutropenia
Amifostine	V03AF05	agranulocytosis
Amifostine	V03AF05	aplastic anaemia
Amifostine	V03AF05	pancytopenia
Amifostine	V03AF05	rhabdomyolysis
Amifostine	V03AF05	upper gastrointestinal bleeding
Aprepitant	A04AD12	liver failure, acute
Aprepitant	A04AD12	drug-induced liver injury
Aprepitant	A04AD12	acute myocardial infarction
Aprepitant	A04AD12	acute renal failure
Aprepitant	A04AD12	anaphylactic shock
Aprepitant	A04AD12	bullous eruptions
Aprepitant	A04AD12	neutropenia
Aprepitant	A04AD12	agranulocytosis
Aprepitant	A04AD12	aplastic anaemia
Aprepitant	A04AD12	pancytopenia
Aprepitant	A04AD12	rhabdomyolysis
Aprepitant	A04AD12	upper gastrointestinal bleeding
Atazanavir	J05AE08	liver failure, acute
Atazanavir	J05AE08	drug-induced liver injury
Atazanavir	J05AE08	acute myocardial infarction
Atazanavir	J05AE08	acute renal failure
Atazanavir	J05AE08	anaphylactic shock
Atazanavir	J05AE08	bullous eruptions
Atazanavir	J05AE08	neutropenia
Atazanavir	J05AE08	agranulocytosis
Atazanavir	J05AE08	aplastic anaemia
Atazanavir	J05AE08	pancytopenia
Atazanavir	J05AE08	rhabdomyolysis
Atazanavir	J05AE08	upper gastrointestinal bleeding
Azathioprine	L04AX01	liver failure, acute
Azathioprine	L04AX01	drug-induced liver injury
Azathioprine	L04AX01	acute myocardial infarction
Azathioprine	L04AX01	acute renal failure
Azathioprine	L04AX01	anaphylactic shock
Azathioprine	L04AX01	bullous eruptions
Azathioprine	L04AX01	neutropenia
Azathioprine	L04AX01	agranulocytosis
Azathioprine	L04AX01	aplastic anaemia
Azathioprine	L04AX01	pancytopenia
Azathioprine	L04AX01	rhabdomyolysis
Azathioprine	L04AX01	upper gastrointestinal bleeding
Bepridil	C08EA02	liver failure, acute
Bepridil	C08EA02	drug-induced liver injury
Bepridil	C08EA02	acute myocardial infarction
Bepridil	C08EA02	acute renal failure
Bepridil	C08EA02	anaphylactic shock
Bepridil	C08EA02	bullous eruptions
Bepridil	C08EA02	neutropenia
Bepridil	C08EA02	agranulocytosis
Bepridil	C08EA02	aplastic anaemia
Bepridil	C08EA02	pancytopenia
Bepridil	C08EA02	rhabdomyolysis
Bepridil	C08EA02	upper gastrointestinal bleeding
BismuthSubsalicylate	BismuthSubsalicylate	liver failure, acute
BismuthSubsalicylate	BismuthSubsalicylate	drug-induced liver injury
BismuthSubsalicylate	BismuthSubsalicylate	acute myocardial infarction
BismuthSubsalicylate	BismuthSubsalicylate	acute renal failure
BismuthSubsalicylate	BismuthSubsalicylate	anaphylactic shock
BismuthSubsalicylate	BismuthSubsalicylate	bullous eruptions
BismuthSubsalicylate	BismuthSubsalicylate	neutropenia
BismuthSubsalicylate	BismuthSubsalicylate	agranulocytosis
BismuthSubsalicylate	BismuthSubsalicylate	aplastic anaemia
BismuthSubsalicylate	BismuthSubsalicylate	pancytopenia
BismuthSubsalicylate	BismuthSubsalicylate	rhabdomyolysis
BismuthSubsalicylate	BismuthSubsalicylate	upper gastrointestinal bleeding
Brimonidine	D11AX21	liver failure, acute
Brimonidine	D11AX21	drug-induced liver injury
Brimonidine	D11AX21	acute myocardial infarction
Brimonidine	D11AX21	acute renal failure
Brimonidine	D11AX21	anaphylactic shock
Brimonidine	D11AX21	bullous eruptions
Brimonidine	D11AX21	neutropenia
Brimonidine	D11AX21	agranulocytosis
Brimonidine	D11AX21	aplastic anaemia
Brimonidine	D11AX21	pancytopenia
Brimonidine	D11AX21	rhabdomyolysis
Brimonidine	D11AX21	upper gastrointestinal bleeding
Bromazepam	N05BA08	liver failure, acute
Bromazepam	N05BA08	drug-induced liver injury
Bromazepam	N05BA08	acute myocardial infarction
Bromazepam	N05BA08	acute renal failure
Bromazepam	N05BA08	anaphylactic shock
Bromazepam	N05BA08	bullous eruptions
Bromazepam	N05BA08	neutropenia
Bromazepam	N05BA08	agranulocytosis
Bromazepam	N05BA08	aplastic anaemia
Bromazepam	N05BA08	pancytopenia
Bromazepam	N05BA08	rhabdomyolysis
Bromazepam	N05BA08	upper gastrointestinal bleeding
Caffeine	N06BC01	liver failure, acute
Caffeine	N06BC01	drug-induced liver injury
Caffeine	N06BC01	acute myocardial infarction
Caffeine	N06BC01	acute renal failure
Caffeine	N06BC01	anaphylactic shock
Caffeine	N06BC01	bullous eruptions
Caffeine	N06BC01	neutropenia
Caffeine	N06BC01	agranulocytosis
Caffeine	N06BC01	aplastic anaemia
Caffeine	N06BC01	pancytopenia
Caffeine	N06BC01	rhabdomyolysis
Caffeine	N06BC01	upper gastrointestinal bleeding
Carbenicillin	J01CA03	liver failure, acute
Carbenicillin	J01CA03	drug-induced liver injury
Carbenicillin	J01CA03	acute myocardial infarction
Carbenicillin	J01CA03	acute renal failure
Carbenicillin	J01CA03	anaphylactic shock
Carbenicillin	J01CA03	bullous eruptions
Carbenicillin	J01CA03	neutropenia
Carbenicillin	J01CA03	agranulocytosis
Carbenicillin	J01CA03	aplastic anaemia
Carbenicillin	J01CA03	pancytopenia
Carbenicillin	J01CA03	rhabdomyolysis
Carbenicillin	J01CA03	upper gastrointestinal bleeding
Carboplatin	L01XA02	liver failure, acute
Carboplatin	L01XA02	drug-induced liver injury
Carboplatin	L01XA02	acute myocardial infarction
Carboplatin	L01XA02	acute renal failure
Carboplatin	L01XA02	anaphylactic shock
Carboplatin	L01XA02	bullous eruptions
Carboplatin	L01XA02	neutropenia
Carboplatin	L01XA02	agranulocytosis
Carboplatin	L01XA02	aplastic anaemia
Carboplatin	L01XA02	pancytopenia
Carboplatin	L01XA02	rhabdomyolysis
Carboplatin	L01XA02	upper gastrointestinal bleeding
Cefazolin	J01DB04	liver failure, acute
Cefazolin	J01DB04	drug-induced liver injury
Cefazolin	J01DB04	acute myocardial infarction
Cefazolin	J01DB04	acute renal failure
Cefazolin	J01DB04	anaphylactic shock
Cefazolin	J01DB04	bullous eruptions
Cefazolin	J01DB04	neutropenia
Cefazolin	J01DB04	agranulocytosis
Cefazolin	J01DB04	aplastic anaemia
Cefazolin	J01DB04	pancytopenia
Cefazolin	J01DB04	rhabdomyolysis
Cefazolin	J01DB04	upper gastrointestinal bleeding
Cefotaxime	J01DD01	liver failure, acute
Cefotaxime	J01DD01	drug-induced liver injury
Cefotaxime	J01DD01	acute myocardial infarction
Cefotaxime	J01DD01	acute renal failure
Cefotaxime	J01DD01	anaphylactic shock
Cefotaxime	J01DD01	bullous eruptions
Cefotaxime	J01DD01	neutropenia
Cefotaxime	J01DD01	agranulocytosis
Cefotaxime	J01DD01	aplastic anaemia
Cefotaxime	J01DD01	pancytopenia
Cefotaxime	J01DD01	rhabdomyolysis
Cefotaxime	J01DD01	upper gastrointestinal bleeding
Chlordiazepoxide	N05BA02	liver failure, acute
Chlordiazepoxide	N05BA02	drug-induced liver injury
Chlordiazepoxide	N05BA02	acute myocardial infarction
Chlordiazepoxide	N05BA02	acute renal failure
Chlordiazepoxide	N05BA02	anaphylactic shock
Chlordiazepoxide	N05BA02	bullous eruptions
Chlordiazepoxide	N05BA02	neutropenia
Chlordiazepoxide	N05BA02	agranulocytosis
Chlordiazepoxide	N05BA02	aplastic anaemia
Chlordiazepoxide	N05BA02	pancytopenia
Chlordiazepoxide	N05BA02	rhabdomyolysis
Chlordiazepoxide	N05BA02	upper gastrointestinal bleeding
Chlorphenesin	D01AE07	liver failure, acute
Chlorphenesin	D01AE07	drug-induced liver injury
Chlorphenesin	D01AE07	acute myocardial infarction
Chlorphenesin	D01AE07	acute renal failure
Chlorphenesin	D01AE07	anaphylactic shock
Chlorphenesin	D01AE07	bullous eruptions
Chlorphenesin	D01AE07	neutropenia
Chlorphenesin	D01AE07	agranulocytosis
Chlorphenesin	D01AE07	aplastic anaemia
Chlorphenesin	D01AE07	pancytopenia
Chlorphenesin	D01AE07	rhabdomyolysis
Chlorphenesin	D01AE07	upper gastrointestinal bleeding
Chlorpromazine	N05AA01	liver failure, acute
Chlorpromazine	N05AA01	drug-induced liver injury
Chlorpromazine	N05AA01	acute myocardial infarction
Chlorpromazine	N05AA01	acute renal failure
Chlorpromazine	N05AA01	anaphylactic shock
Chlorpromazine	N05AA01	bullous eruptions
Chlorpromazine	N05AA01	neutropenia
Chlorpromazine	N05AA01	agranulocytosis
Chlorpromazine	N05AA01	aplastic anaemia
Chlorpromazine	N05AA01	pancytopenia
Chlorpromazine	N05AA01	rhabdomyolysis
Chlorpromazine	N05AA01	upper gastrointestinal bleeding
Cilostazol	B01AC23	liver failure, acute
Cilostazol	B01AC23	drug-induced liver injury
Cilostazol	B01AC23	acute myocardial infarction
Cilostazol	B01AC23	acute renal failure
Cilostazol	B01AC23	anaphylactic shock
Cilostazol	B01AC23	bullous eruptions
Cilostazol	B01AC23	neutropenia
Cilostazol	B01AC23	agranulocytosis
Cilostazol	B01AC23	aplastic anaemia
Cilostazol	B01AC23	pancytopenia
Cilostazol	B01AC23	rhabdomyolysis
Cilostazol	B01AC23	upper gastrointestinal bleeding
Clofibrate	C10AB01	liver failure, acute
Clofibrate	C10AB01	drug-induced liver injury
Clofibrate	C10AB01	acute myocardial infarction
Clofibrate	C10AB01	acute renal failure
Clofibrate	C10AB01	anaphylactic shock
Clofibrate	C10AB01	bullous eruptions
Clofibrate	C10AB01	neutropenia
Clofibrate	C10AB01	agranulocytosis
Clofibrate	C10AB01	aplastic anaemia
Clofibrate	C10AB01	pancytopenia
Clofibrate	C10AB01	rhabdomyolysis
Clofibrate	C10AB01	upper gastrointestinal bleeding
Cortisoneacetate	Cortisoneacetate	liver failure, acute
Cortisoneacetate	Cortisoneacetate	drug-induced liver injury
Cortisoneacetate	Cortisoneacetate	acute myocardial infarction
Cortisoneacetate	Cortisoneacetate	acute renal failure
Cortisoneacetate	Cortisoneacetate	anaphylactic shock
Cortisoneacetate	Cortisoneacetate	bullous eruptions
Cortisoneacetate	Cortisoneacetate	neutropenia
Cortisoneacetate	Cortisoneacetate	agranulocytosis
Cortisoneacetate	Cortisoneacetate	aplastic anaemia
Cortisoneacetate	Cortisoneacetate	pancytopenia
Cortisoneacetate	Cortisoneacetate	rhabdomyolysis
Cortisoneacetate	Cortisoneacetate	upper gastrointestinal bleeding
Desvenlafaxine	N06AX23	liver failure, acute
Desvenlafaxine	N06AX23	drug-induced liver injury
Desvenlafaxine	N06AX23	acute myocardial infarction
Desvenlafaxine	N06AX23	acute renal failure
Desvenlafaxine	N06AX23	anaphylactic shock
Desvenlafaxine	N06AX23	bullous eruptions
Desvenlafaxine	N06AX23	neutropenia
Desvenlafaxine	N06AX23	agranulocytosis
Desvenlafaxine	N06AX23	aplastic anaemia
Desvenlafaxine	N06AX23	pancytopenia
Desvenlafaxine	N06AX23	rhabdomyolysis
Desvenlafaxine	N06AX23	upper gastrointestinal bleeding
Dextroamphetamine	Dextroamphetamine	liver failure, acute
Dextroamphetamine	Dextroamphetamine	drug-induced liver injury
Dextroamphetamine	Dextroamphetamine	acute myocardial infarction
Dextroamphetamine	Dextroamphetamine	acute renal failure
Dextroamphetamine	Dextroamphetamine	anaphylactic shock
Dextroamphetamine	Dextroamphetamine	bullous eruptions
Dextroamphetamine	Dextroamphetamine	neutropenia
Dextroamphetamine	Dextroamphetamine	agranulocytosis
Dextroamphetamine	Dextroamphetamine	aplastic anaemia
Dextroamphetamine	Dextroamphetamine	pancytopenia
Dextroamphetamine	Dextroamphetamine	rhabdomyolysis
Dextroamphetamine	Dextroamphetamine	upper gastrointestinal bleeding
Dextrothyroxine	C10AX01	liver failure, acute
Dextrothyroxine	C10AX01	drug-induced liver injury
Dextrothyroxine	C10AX01	acute myocardial infarction
Dextrothyroxine	C10AX01	acute renal failure
Dextrothyroxine	C10AX01	anaphylactic shock
Dextrothyroxine	C10AX01	bullous eruptions
Dextrothyroxine	C10AX01	neutropenia
Dextrothyroxine	C10AX01	agranulocytosis
Dextrothyroxine	C10AX01	aplastic anaemia
Dextrothyroxine	C10AX01	pancytopenia
Dextrothyroxine	C10AX01	rhabdomyolysis
Dextrothyroxine	C10AX01	upper gastrointestinal bleeding
Dicumarol	Dicumarol	liver failure, acute
Dicumarol	Dicumarol	drug-induced liver injury
Dicumarol	Dicumarol	acute myocardial infarction
Dicumarol	Dicumarol	acute renal failure
Dicumarol	Dicumarol	anaphylactic shock
Dicumarol	Dicumarol	bullous eruptions
Dicumarol	Dicumarol	neutropenia
Dicumarol	Dicumarol	agranulocytosis
Dicumarol	Dicumarol	aplastic anaemia
Dicumarol	Dicumarol	pancytopenia
Dicumarol	Dicumarol	rhabdomyolysis
Dicumarol	Dicumarol	upper gastrointestinal bleeding
Digoxin	C01AA05	liver failure, acute
Digoxin	C01AA05	drug-induced liver injury
Digoxin	C01AA05	acute myocardial infarction
Digoxin	C01AA05	acute renal failure
Digoxin	C01AA05	anaphylactic shock
Digoxin	C01AA05	bullous eruptions
Digoxin	C01AA05	neutropenia
Digoxin	C01AA05	agranulocytosis
Digoxin	C01AA05	aplastic anaemia
Digoxin	C01AA05	pancytopenia
Digoxin	C01AA05	rhabdomyolysis
Digoxin	C01AA05	upper gastrointestinal bleeding
Dihydroxyaluminium	Dihydroxyaluminium	liver failure, acute
Dihydroxyaluminium	Dihydroxyaluminium	drug-induced liver injury
Dihydroxyaluminium	Dihydroxyaluminium	acute myocardial infarction
Dihydroxyaluminium	Dihydroxyaluminium	acute renal failure
Dihydroxyaluminium	Dihydroxyaluminium	anaphylactic shock
Dihydroxyaluminium	Dihydroxyaluminium	bullous eruptions
Dihydroxyaluminium	Dihydroxyaluminium	neutropenia
Dihydroxyaluminium	Dihydroxyaluminium	agranulocytosis
Dihydroxyaluminium	Dihydroxyaluminium	aplastic anaemia
Dihydroxyaluminium	Dihydroxyaluminium	pancytopenia
Dihydroxyaluminium	Dihydroxyaluminium	rhabdomyolysis
Dihydroxyaluminium	Dihydroxyaluminium	upper gastrointestinal bleeding
Divalproexsodium	Divalproexsodium	liver failure, acute
Divalproexsodium	Divalproexsodium	drug-induced liver injury
Divalproexsodium	Divalproexsodium	acute myocardial infarction
Divalproexsodium	Divalproexsodium	acute renal failure
Divalproexsodium	Divalproexsodium	anaphylactic shock
Divalproexsodium	Divalproexsodium	bullous eruptions
Divalproexsodium	Divalproexsodium	neutropenia
Divalproexsodium	Divalproexsodium	agranulocytosis
Divalproexsodium	Divalproexsodium	aplastic anaemia
Divalproexsodium	Divalproexsodium	pancytopenia
Divalproexsodium	Divalproexsodium	rhabdomyolysis
Divalproexsodium	Divalproexsodium	upper gastrointestinal bleeding
Dopamine	C01CA04	liver failure, acute
Dopamine	C01CA04	drug-induced liver injury
Dopamine	C01CA04	acute myocardial infarction
Dopamine	C01CA04	acute renal failure
Dopamine	C01CA04	anaphylactic shock
Dopamine	C01CA04	bullous eruptions
Dopamine	C01CA04	neutropenia
Dopamine	C01CA04	agranulocytosis
Dopamine	C01CA04	aplastic anaemia
Dopamine	C01CA04	pancytopenia
Dopamine	C01CA04	rhabdomyolysis
Dopamine	C01CA04	upper gastrointestinal bleeding
Doxazosin	C02CA04	liver failure, acute
Doxazosin	C02CA04	drug-induced liver injury
Doxazosin	C02CA04	acute myocardial infarction
Doxazosin	C02CA04	acute renal failure
Doxazosin	C02CA04	anaphylactic shock
Doxazosin	C02CA04	bullous eruptions
Doxazosin	C02CA04	neutropenia
Doxazosin	C02CA04	agranulocytosis
Doxazosin	C02CA04	aplastic anaemia
Doxazosin	C02CA04	pancytopenia
Doxazosin	C02CA04	rhabdomyolysis
Doxazosin	C02CA04	upper gastrointestinal bleeding
Doxepin	N06AA12	liver failure, acute
Doxepin	N06AA12	drug-induced liver injury
Doxepin	N06AA12	acute myocardial infarction
Doxepin	N06AA12	acute renal failure
Doxepin	N06AA12	anaphylactic shock
Doxepin	N06AA12	bullous eruptions
Doxepin	N06AA12	neutropenia
Doxepin	N06AA12	agranulocytosis
Doxepin	N06AA12	aplastic anaemia
Doxepin	N06AA12	pancytopenia
Doxepin	N06AA12	rhabdomyolysis
Doxepin	N06AA12	upper gastrointestinal bleeding
Edrophonium	Edrophonium	liver failure, acute
Edrophonium	Edrophonium	drug-induced liver injury
Edrophonium	Edrophonium	acute myocardial infarction
Edrophonium	Edrophonium	acute renal failure
Edrophonium	Edrophonium	anaphylactic shock
Edrophonium	Edrophonium	bullous eruptions
Edrophonium	Edrophonium	neutropenia
Edrophonium	Edrophonium	agranulocytosis
Edrophonium	Edrophonium	aplastic anaemia
Edrophonium	Edrophonium	pancytopenia
Edrophonium	Edrophonium	rhabdomyolysis
Edrophonium	Edrophonium	upper gastrointestinal bleeding
Eprosartan	C09CA02	liver failure, acute
Eprosartan	C09CA02	drug-induced liver injury
Eprosartan	C09CA02	acute myocardial infarction
Eprosartan	C09CA02	acute renal failure
Eprosartan	C09CA02	anaphylactic shock
Eprosartan	C09CA02	bullous eruptions
Eprosartan	C09CA02	neutropenia
Eprosartan	C09CA02	agranulocytosis
Eprosartan	C09CA02	aplastic anaemia
Eprosartan	C09CA02	pancytopenia
Eprosartan	C09CA02	rhabdomyolysis
Eprosartan	C09CA02	upper gastrointestinal bleeding
Estazolam	N05CD04	liver failure, acute
Estazolam	N05CD04	drug-induced liver injury
Estazolam	N05CD04	acute myocardial infarction
Estazolam	N05CD04	acute renal failure
Estazolam	N05CD04	anaphylactic shock
Estazolam	N05CD04	bullous eruptions
Estazolam	N05CD04	neutropenia
Estazolam	N05CD04	agranulocytosis
Estazolam	N05CD04	aplastic anaemia
Estazolam	N05CD04	pancytopenia
Estazolam	N05CD04	rhabdomyolysis
Estazolam	N05CD04	upper gastrointestinal bleeding
Ethinylestradiol	G03CA01	liver failure, acute
Ethinylestradiol	G03CA01	drug-induced liver injury
Ethinylestradiol	G03CA01	acute myocardial infarction
Ethinylestradiol	G03CA01	acute renal failure
Ethinylestradiol	G03CA01	anaphylactic shock
Ethinylestradiol	G03CA01	bullous eruptions
Ethinylestradiol	G03CA01	neutropenia
Ethinylestradiol	G03CA01	agranulocytosis
Ethinylestradiol	G03CA01	aplastic anaemia
Ethinylestradiol	G03CA01	pancytopenia
Ethinylestradiol	G03CA01	rhabdomyolysis
Ethinylestradiol	G03CA01	upper gastrointestinal bleeding
Everolimus	L01XE10	liver failure, acute
Everolimus	L01XE10	drug-induced liver injury
Everolimus	L01XE10	acute myocardial infarction
Everolimus	L01XE10	acute renal failure
Everolimus	L01XE10	anaphylactic shock
Everolimus	L01XE10	bullous eruptions
Everolimus	L01XE10	neutropenia
Everolimus	L01XE10	agranulocytosis
Everolimus	L01XE10	aplastic anaemia
Everolimus	L01XE10	pancytopenia
Everolimus	L01XE10	rhabdomyolysis
Everolimus	L01XE10	upper gastrointestinal bleeding
Felodipine	C08CA02	liver failure, acute
Felodipine	C08CA02	drug-induced liver injury
Felodipine	C08CA02	acute myocardial infarction
Felodipine	C08CA02	acute renal failure
Felodipine	C08CA02	anaphylactic shock
Felodipine	C08CA02	bullous eruptions
Felodipine	C08CA02	neutropenia
Felodipine	C08CA02	agranulocytosis
Felodipine	C08CA02	aplastic anaemia
Felodipine	C08CA02	pancytopenia
Felodipine	C08CA02	rhabdomyolysis
Felodipine	C08CA02	upper gastrointestinal bleeding
Fenoterol	R03AC04	liver failure, acute
Fenoterol	R03AC04	drug-induced liver injury
Fenoterol	R03AC04	acute myocardial infarction
Fenoterol	R03AC04	acute renal failure
Fenoterol	R03AC04	anaphylactic shock
Fenoterol	R03AC04	bullous eruptions
Fenoterol	R03AC04	neutropenia
Fenoterol	R03AC04	agranulocytosis
Fenoterol	R03AC04	aplastic anaemia
Fenoterol	R03AC04	pancytopenia
Fenoterol	R03AC04	rhabdomyolysis
Fenoterol	R03AC04	upper gastrointestinal bleeding
Fexofenadine	R06AX26	liver failure, acute
Fexofenadine	R06AX26	drug-induced liver injury
Fexofenadine	R06AX26	acute myocardial infarction
Fexofenadine	R06AX26	acute renal failure
Fexofenadine	R06AX26	anaphylactic shock
Fexofenadine	R06AX26	bullous eruptions
Fexofenadine	R06AX26	neutropenia
Fexofenadine	R06AX26	agranulocytosis
Fexofenadine	R06AX26	aplastic anaemia
Fexofenadine	R06AX26	pancytopenia
Fexofenadine	R06AX26	rhabdomyolysis
Fexofenadine	R06AX26	upper gastrointestinal bleeding
Frovatriptan	N02CC07	liver failure, acute
Frovatriptan	N02CC07	drug-induced liver injury
Frovatriptan	N02CC07	acute myocardial infarction
Frovatriptan	N02CC07	acute renal failure
Frovatriptan	N02CC07	anaphylactic shock
Frovatriptan	N02CC07	bullous eruptions
Frovatriptan	N02CC07	neutropenia
Frovatriptan	N02CC07	agranulocytosis
Frovatriptan	N02CC07	aplastic anaemia
Frovatriptan	N02CC07	pancytopenia
Frovatriptan	N02CC07	rhabdomyolysis
Frovatriptan	N02CC07	upper gastrointestinal bleeding
Furosemide	C03CA01	liver failure, acute
Furosemide	C03CA01	drug-induced liver injury
Furosemide	C03CA01	acute myocardial infarction
Furosemide	C03CA01	acute renal failure
Furosemide	C03CA01	anaphylactic shock
Furosemide	C03CA01	bullous eruptions
Furosemide	C03CA01	neutropenia
Furosemide	C03CA01	agranulocytosis
Furosemide	C03CA01	aplastic anaemia
Furosemide	C03CA01	pancytopenia
Furosemide	C03CA01	rhabdomyolysis
Furosemide	C03CA01	upper gastrointestinal bleeding
Galliumnitrate	Galliumnitrate	liver failure, acute
Galliumnitrate	Galliumnitrate	drug-induced liver injury
Galliumnitrate	Galliumnitrate	acute myocardial infarction
Galliumnitrate	Galliumnitrate	acute renal failure
Galliumnitrate	Galliumnitrate	anaphylactic shock
Galliumnitrate	Galliumnitrate	bullous eruptions
Galliumnitrate	Galliumnitrate	neutropenia
Galliumnitrate	Galliumnitrate	agranulocytosis
Galliumnitrate	Galliumnitrate	aplastic anaemia
Galliumnitrate	Galliumnitrate	pancytopenia
Galliumnitrate	Galliumnitrate	rhabdomyolysis
Galliumnitrate	Galliumnitrate	upper gastrointestinal bleeding
Hydrochlorothiazide	C03AA03	liver failure, acute
Hydrochlorothiazide	C03AA03	drug-induced liver injury
Hydrochlorothiazide	C03AA03	acute myocardial infarction
Hydrochlorothiazide	C03AA03	acute renal failure
Hydrochlorothiazide	C03AA03	anaphylactic shock
Hydrochlorothiazide	C03AA03	bullous eruptions
Hydrochlorothiazide	C03AA03	neutropenia
Hydrochlorothiazide	C03AA03	agranulocytosis
Hydrochlorothiazide	C03AA03	aplastic anaemia
Hydrochlorothiazide	C03AA03	pancytopenia
Hydrochlorothiazide	C03AA03	rhabdomyolysis
Hydrochlorothiazide	C03AA03	upper gastrointestinal bleeding
Hydrocodone	R05DA03	liver failure, acute
Hydrocodone	R05DA03	drug-induced liver injury
Hydrocodone	R05DA03	acute myocardial infarction
Hydrocodone	R05DA03	acute renal failure
Hydrocodone	R05DA03	anaphylactic shock
Hydrocodone	R05DA03	bullous eruptions
Hydrocodone	R05DA03	neutropenia
Hydrocodone	R05DA03	agranulocytosis
Hydrocodone	R05DA03	aplastic anaemia
Hydrocodone	R05DA03	pancytopenia
Hydrocodone	R05DA03	rhabdomyolysis
Hydrocodone	R05DA03	upper gastrointestinal bleeding
Isotretinoin	D10AD04	liver failure, acute
Isotretinoin	D10AD04	drug-induced liver injury
Isotretinoin	D10AD04	acute myocardial infarction
Isotretinoin	D10AD04	acute renal failure
Isotretinoin	D10AD04	anaphylactic shock
Isotretinoin	D10AD04	bullous eruptions
Isotretinoin	D10AD04	neutropenia
Isotretinoin	D10AD04	agranulocytosis
Isotretinoin	D10AD04	aplastic anaemia
Isotretinoin	D10AD04	pancytopenia
Isotretinoin	D10AD04	rhabdomyolysis
Isotretinoin	D10AD04	upper gastrointestinal bleeding
Isradipine	C08CA03	liver failure, acute
Isradipine	C08CA03	drug-induced liver injury
Isradipine	C08CA03	acute myocardial infarction
Isradipine	C08CA03	acute renal failure
Isradipine	C08CA03	anaphylactic shock
Isradipine	C08CA03	bullous eruptions
Isradipine	C08CA03	neutropenia
Isradipine	C08CA03	agranulocytosis
Isradipine	C08CA03	aplastic anaemia
Isradipine	C08CA03	pancytopenia
Isradipine	C08CA03	rhabdomyolysis
Isradipine	C08CA03	upper gastrointestinal bleeding
Kava	Kava	liver failure, acute
Kava	Kava	drug-induced liver injury
Kava	Kava	acute myocardial infarction
Kava	Kava	acute renal failure
Kava	Kava	anaphylactic shock
Kava	Kava	bullous eruptions
Kava	Kava	neutropenia
Kava	Kava	agranulocytosis
Kava	Kava	aplastic anaemia
Kava	Kava	pancytopenia
Kava	Kava	rhabdomyolysis
Kava	Kava	upper gastrointestinal bleeding
Ketazolam	N05BA10	liver failure, acute
Ketazolam	N05BA10	drug-induced liver injury
Ketazolam	N05BA10	acute myocardial infarction
Ketazolam	N05BA10	acute renal failure
Ketazolam	N05BA10	anaphylactic shock
Ketazolam	N05BA10	bullous eruptions
Ketazolam	N05BA10	neutropenia
Ketazolam	N05BA10	agranulocytosis
Ketazolam	N05BA10	aplastic anaemia
Ketazolam	N05BA10	pancytopenia
Ketazolam	N05BA10	rhabdomyolysis
Ketazolam	N05BA10	upper gastrointestinal bleeding
Lapatinib	L01XE07	liver failure, acute
Lapatinib	L01XE07	drug-induced liver injury
Lapatinib	L01XE07	acute myocardial infarction
Lapatinib	L01XE07	acute renal failure
Lapatinib	L01XE07	anaphylactic shock
Lapatinib	L01XE07	bullous eruptions
Lapatinib	L01XE07	neutropenia
Lapatinib	L01XE07	agranulocytosis
Lapatinib	L01XE07	aplastic anaemia
Lapatinib	L01XE07	pancytopenia
Lapatinib	L01XE07	rhabdomyolysis
Lapatinib	L01XE07	upper gastrointestinal bleeding
Levonorgestrel	G03AC03	liver failure, acute
Levonorgestrel	G03AC03	drug-induced liver injury
Levonorgestrel	G03AC03	acute myocardial infarction
Levonorgestrel	G03AC03	acute renal failure
Levonorgestrel	G03AC03	anaphylactic shock
Levonorgestrel	G03AC03	bullous eruptions
Levonorgestrel	G03AC03	neutropenia
Levonorgestrel	G03AC03	agranulocytosis
Levonorgestrel	G03AC03	aplastic anaemia
Levonorgestrel	G03AC03	pancytopenia
Levonorgestrel	G03AC03	rhabdomyolysis
Levonorgestrel	G03AC03	upper gastrointestinal bleeding
Melatonin	N05CH01	liver failure, acute
Melatonin	N05CH01	drug-induced liver injury
Melatonin	N05CH01	acute myocardial infarction
Melatonin	N05CH01	acute renal failure
Melatonin	N05CH01	anaphylactic shock
Melatonin	N05CH01	bullous eruptions
Melatonin	N05CH01	neutropenia
Melatonin	N05CH01	agranulocytosis
Melatonin	N05CH01	aplastic anaemia
Melatonin	N05CH01	pancytopenia
Melatonin	N05CH01	rhabdomyolysis
Melatonin	N05CH01	upper gastrointestinal bleeding
Meloxicam	M01AC06	liver failure, acute
Meloxicam	M01AC06	drug-induced liver injury
Meloxicam	M01AC06	acute myocardial infarction
Meloxicam	M01AC06	acute renal failure
Meloxicam	M01AC06	anaphylactic shock
Meloxicam	M01AC06	bullous eruptions
Meloxicam	M01AC06	neutropenia
Meloxicam	M01AC06	agranulocytosis
Meloxicam	M01AC06	aplastic anaemia
Meloxicam	M01AC06	pancytopenia
Meloxicam	M01AC06	rhabdomyolysis
Meloxicam	M01AC06	upper gastrointestinal bleeding
Methdilazine	R06AD04	liver failure, acute
Methdilazine	R06AD04	drug-induced liver injury
Methdilazine	R06AD04	acute myocardial infarction
Methdilazine	R06AD04	acute renal failure
Methdilazine	R06AD04	anaphylactic shock
Methdilazine	R06AD04	bullous eruptions
Methdilazine	R06AD04	neutropenia
Methdilazine	R06AD04	agranulocytosis
Methdilazine	R06AD04	aplastic anaemia
Methdilazine	R06AD04	pancytopenia
Methdilazine	R06AD04	rhabdomyolysis
Methdilazine	R06AD04	upper gastrointestinal bleeding
Methohexital	N01AF01	liver failure, acute
Methohexital	N01AF01	drug-induced liver injury
Methohexital	N01AF01	acute myocardial infarction
Methohexital	N01AF01	acute renal failure
Methohexital	N01AF01	anaphylactic shock
Methohexital	N01AF01	bullous eruptions
Methohexital	N01AF01	neutropenia
Methohexital	N01AF01	agranulocytosis
Methohexital	N01AF01	aplastic anaemia
Methohexital	N01AF01	pancytopenia
Methohexital	N01AF01	rhabdomyolysis
Methohexital	N01AF01	upper gastrointestinal bleeding
Methyldopa	C02AB	liver failure, acute
Methyldopa	C02AB	drug-induced liver injury
Methyldopa	C02AB	acute myocardial infarction
Methyldopa	C02AB	acute renal failure
Methyldopa	C02AB	anaphylactic shock
Methyldopa	C02AB	bullous eruptions
Methyldopa	C02AB	neutropenia
Methyldopa	C02AB	agranulocytosis
Methyldopa	C02AB	aplastic anaemia
Methyldopa	C02AB	pancytopenia
Methyldopa	C02AB	rhabdomyolysis
Methyldopa	C02AB	upper gastrointestinal bleeding
Mexiletine	C01BB02	liver failure, acute
Mexiletine	C01BB02	drug-induced liver injury
Mexiletine	C01BB02	acute myocardial infarction
Mexiletine	C01BB02	acute renal failure
Mexiletine	C01BB02	anaphylactic shock
Mexiletine	C01BB02	bullous eruptions
Mexiletine	C01BB02	neutropenia
Mexiletine	C01BB02	agranulocytosis
Mexiletine	C01BB02	aplastic anaemia
Mexiletine	C01BB02	pancytopenia
Mexiletine	C01BB02	rhabdomyolysis
Mexiletine	C01BB02	upper gastrointestinal bleeding
Midodrine	C01CA17	liver failure, acute
Midodrine	C01CA17	drug-induced liver injury
Midodrine	C01CA17	acute myocardial infarction
Midodrine	C01CA17	acute renal failure
Midodrine	C01CA17	anaphylactic shock
Midodrine	C01CA17	bullous eruptions
Midodrine	C01CA17	neutropenia
Midodrine	C01CA17	agranulocytosis
Midodrine	C01CA17	aplastic anaemia
Midodrine	C01CA17	pancytopenia
Midodrine	C01CA17	rhabdomyolysis
Midodrine	C01CA17	upper gastrointestinal bleeding
Mirtazapine	N06AX11	liver failure, acute
Mirtazapine	N06AX11	drug-induced liver injury
Mirtazapine	N06AX11	acute myocardial infarction
Mirtazapine	N06AX11	acute renal failure
Mirtazapine	N06AX11	anaphylactic shock
Mirtazapine	N06AX11	bullous eruptions
Mirtazapine	N06AX11	neutropenia
Mirtazapine	N06AX11	agranulocytosis
Mirtazapine	N06AX11	aplastic anaemia
Mirtazapine	N06AX11	pancytopenia
Mirtazapine	N06AX11	rhabdomyolysis
Mirtazapine	N06AX11	upper gastrointestinal bleeding
Moricizine	Moricizine	liver failure, acute
Moricizine	Moricizine	drug-induced liver injury
Moricizine	Moricizine	acute myocardial infarction
Moricizine	Moricizine	acute renal failure
Moricizine	Moricizine	anaphylactic shock
Moricizine	Moricizine	bullous eruptions
Moricizine	Moricizine	neutropenia
Moricizine	Moricizine	agranulocytosis
Moricizine	Moricizine	aplastic anaemia
Moricizine	Moricizine	pancytopenia
Moricizine	Moricizine	rhabdomyolysis
Moricizine	Moricizine	upper gastrointestinal bleeding
Netilmicin	J01GB07	liver failure, acute
Netilmicin	J01GB07	drug-induced liver injury
Netilmicin	J01GB07	acute myocardial infarction
Netilmicin	J01GB07	acute renal failure
Netilmicin	J01GB07	anaphylactic shock
Netilmicin	J01GB07	bullous eruptions
Netilmicin	J01GB07	neutropenia
Netilmicin	J01GB07	agranulocytosis
Netilmicin	J01GB07	aplastic anaemia
Netilmicin	J01GB07	pancytopenia
Netilmicin	J01GB07	rhabdomyolysis
Netilmicin	J01GB07	upper gastrointestinal bleeding
Nizatidine	A02BA04	liver failure, acute
Nizatidine	A02BA04	drug-induced liver injury
Nizatidine	A02BA04	acute myocardial infarction
Nizatidine	A02BA04	acute renal failure
Nizatidine	A02BA04	anaphylactic shock
Nizatidine	A02BA04	bullous eruptions
Nizatidine	A02BA04	neutropenia
Nizatidine	A02BA04	agranulocytosis
Nizatidine	A02BA04	aplastic anaemia
Nizatidine	A02BA04	pancytopenia
Nizatidine	A02BA04	rhabdomyolysis
Nizatidine	A02BA04	upper gastrointestinal bleeding
Phytonadione	Phytonadione	liver failure, acute
Phytonadione	Phytonadione	drug-induced liver injury
Phytonadione	Phytonadione	acute myocardial infarction
Phytonadione	Phytonadione	acute renal failure
Phytonadione	Phytonadione	anaphylactic shock
Phytonadione	Phytonadione	bullous eruptions
Phytonadione	Phytonadione	neutropenia
Phytonadione	Phytonadione	agranulocytosis
Phytonadione	Phytonadione	aplastic anaemia
Phytonadione	Phytonadione	pancytopenia
Phytonadione	Phytonadione	rhabdomyolysis
Phytonadione	Phytonadione	upper gastrointestinal bleeding
Pilocarpine	S01EB01	liver failure, acute
Pilocarpine	S01EB01	drug-induced liver injury
Pilocarpine	S01EB01	acute myocardial infarction
Pilocarpine	S01EB01	acute renal failure
Pilocarpine	S01EB01	anaphylactic shock
Pilocarpine	S01EB01	bullous eruptions
Pilocarpine	S01EB01	neutropenia
Pilocarpine	S01EB01	agranulocytosis
Pilocarpine	S01EB01	aplastic anaemia
Pilocarpine	S01EB01	pancytopenia
Pilocarpine	S01EB01	rhabdomyolysis
Pilocarpine	S01EB01	upper gastrointestinal bleeding
Pipecuronium	M03AC06	liver failure, acute
Pipecuronium	M03AC06	drug-induced liver injury
Pipecuronium	M03AC06	acute myocardial infarction
Pipecuronium	M03AC06	acute renal failure
Pipecuronium	M03AC06	anaphylactic shock
Pipecuronium	M03AC06	bullous eruptions
Pipecuronium	M03AC06	neutropenia
Pipecuronium	M03AC06	agranulocytosis
Pipecuronium	M03AC06	aplastic anaemia
Pipecuronium	M03AC06	pancytopenia
Pipecuronium	M03AC06	rhabdomyolysis
Pipecuronium	M03AC06	upper gastrointestinal bleeding
Piperacillin	J01CA12	liver failure, acute
Piperacillin	J01CA12	drug-induced liver injury
Piperacillin	J01CA12	acute myocardial infarction
Piperacillin	J01CA12	acute renal failure
Piperacillin	J01CA12	anaphylactic shock
Piperacillin	J01CA12	bullous eruptions
Piperacillin	J01CA12	neutropenia
Piperacillin	J01CA12	agranulocytosis
Piperacillin	J01CA12	aplastic anaemia
Piperacillin	J01CA12	pancytopenia
Piperacillin	J01CA12	rhabdomyolysis
Piperacillin	J01CA12	upper gastrointestinal bleeding
Polythiazide	C03AA05	liver failure, acute
Polythiazide	C03AA05	drug-induced liver injury
Polythiazide	C03AA05	acute myocardial infarction
Polythiazide	C03AA05	acute renal failure
Polythiazide	C03AA05	anaphylactic shock
Polythiazide	C03AA05	bullous eruptions
Polythiazide	C03AA05	neutropenia
Polythiazide	C03AA05	agranulocytosis
Polythiazide	C03AA05	aplastic anaemia
Polythiazide	C03AA05	pancytopenia
Polythiazide	C03AA05	rhabdomyolysis
Polythiazide	C03AA05	upper gastrointestinal bleeding
Propafenone	C01BC03	liver failure, acute
Propafenone	C01BC03	drug-induced liver injury
Propafenone	C01BC03	acute myocardial infarction
Propafenone	C01BC03	acute renal failure
Propafenone	C01BC03	anaphylactic shock
Propafenone	C01BC03	bullous eruptions
Propafenone	C01BC03	neutropenia
Propafenone	C01BC03	agranulocytosis
Propafenone	C01BC03	aplastic anaemia
Propafenone	C01BC03	pancytopenia
Propafenone	C01BC03	rhabdomyolysis
Propafenone	C01BC03	upper gastrointestinal bleeding
Propofol	N01AX10	liver failure, acute
Propofol	N01AX10	drug-induced liver injury
Propofol	N01AX10	acute myocardial infarction
Propofol	N01AX10	acute renal failure
Propofol	N01AX10	anaphylactic shock
Propofol	N01AX10	bullous eruptions
Propofol	N01AX10	neutropenia
Propofol	N01AX10	agranulocytosis
Propofol	N01AX10	aplastic anaemia
Propofol	N01AX10	pancytopenia
Propofol	N01AX10	rhabdomyolysis
Propofol	N01AX10	upper gastrointestinal bleeding
Pseudoephedrine	R01BA02	liver failure, acute
Pseudoephedrine	R01BA02	drug-induced liver injury
Pseudoephedrine	R01BA02	acute myocardial infarction
Pseudoephedrine	R01BA02	acute renal failure
Pseudoephedrine	R01BA02	anaphylactic shock
Pseudoephedrine	R01BA02	bullous eruptions
Pseudoephedrine	R01BA02	neutropenia
Pseudoephedrine	R01BA02	agranulocytosis
Pseudoephedrine	R01BA02	aplastic anaemia
Pseudoephedrine	R01BA02	pancytopenia
Pseudoephedrine	R01BA02	rhabdomyolysis
Pseudoephedrine	R01BA02	upper gastrointestinal bleeding
Pyridostigmine	N07AA02	liver failure, acute
Pyridostigmine	N07AA02	drug-induced liver injury
Pyridostigmine	N07AA02	acute myocardial infarction
Pyridostigmine	N07AA02	acute renal failure
Pyridostigmine	N07AA02	anaphylactic shock
Pyridostigmine	N07AA02	bullous eruptions
Pyridostigmine	N07AA02	neutropenia
Pyridostigmine	N07AA02	agranulocytosis
Pyridostigmine	N07AA02	aplastic anaemia
Pyridostigmine	N07AA02	pancytopenia
Pyridostigmine	N07AA02	rhabdomyolysis
Pyridostigmine	N07AA02	upper gastrointestinal bleeding
Quazepam	N05CD10	liver failure, acute
Quazepam	N05CD10	drug-induced liver injury
Quazepam	N05CD10	acute myocardial infarction
Quazepam	N05CD10	acute renal failure
Quazepam	N05CD10	anaphylactic shock
Quazepam	N05CD10	bullous eruptions
Quazepam	N05CD10	neutropenia
Quazepam	N05CD10	agranulocytosis
Quazepam	N05CD10	aplastic anaemia
Quazepam	N05CD10	pancytopenia
Quazepam	N05CD10	rhabdomyolysis
Quazepam	N05CD10	upper gastrointestinal bleeding
Quetiapine	N05AH04	liver failure, acute
Quetiapine	N05AH04	drug-induced liver injury
Quetiapine	N05AH04	acute myocardial infarction
Quetiapine	N05AH04	acute renal failure
Quetiapine	N05AH04	anaphylactic shock
Quetiapine	N05AH04	bullous eruptions
Quetiapine	N05AH04	neutropenia
Quetiapine	N05AH04	agranulocytosis
Quetiapine	N05AH04	aplastic anaemia
Quetiapine	N05AH04	pancytopenia
Quetiapine	N05AH04	rhabdomyolysis
Quetiapine	N05AH04	upper gastrointestinal bleeding
Raloxifene	G03XC01	liver failure, acute
Raloxifene	G03XC01	drug-induced liver injury
Raloxifene	G03XC01	acute myocardial infarction
Raloxifene	G03XC01	acute renal failure
Raloxifene	G03XC01	anaphylactic shock
Raloxifene	G03XC01	bullous eruptions
Raloxifene	G03XC01	neutropenia
Raloxifene	G03XC01	agranulocytosis
Raloxifene	G03XC01	aplastic anaemia
Raloxifene	G03XC01	pancytopenia
Raloxifene	G03XC01	rhabdomyolysis
Raloxifene	G03XC01	upper gastrointestinal bleeding
Ranolazine	C01EB18	liver failure, acute
Ranolazine	C01EB18	drug-induced liver injury
Ranolazine	C01EB18	acute myocardial infarction
Ranolazine	C01EB18	acute renal failure
Ranolazine	C01EB18	anaphylactic shock
Ranolazine	C01EB18	bullous eruptions
Ranolazine	C01EB18	neutropenia
Ranolazine	C01EB18	agranulocytosis
Ranolazine	C01EB18	aplastic anaemia
Ranolazine	C01EB18	pancytopenia
Ranolazine	C01EB18	rhabdomyolysis
Ranolazine	C01EB18	upper gastrointestinal bleeding
Ropinirole	N04BC04	liver failure, acute
Ropinirole	N04BC04	drug-induced liver injury
Ropinirole	N04BC04	acute myocardial infarction
Ropinirole	N04BC04	acute renal failure
Ropinirole	N04BC04	anaphylactic shock
Ropinirole	N04BC04	bullous eruptions
Ropinirole	N04BC04	neutropenia
Ropinirole	N04BC04	agranulocytosis
Ropinirole	N04BC04	aplastic anaemia
Ropinirole	N04BC04	pancytopenia
Ropinirole	N04BC04	rhabdomyolysis
Ropinirole	N04BC04	upper gastrointestinal bleeding
Salsalate	N02BA06	liver failure, acute
Salsalate	N02BA06	drug-induced liver injury
Salsalate	N02BA06	acute myocardial infarction
Salsalate	N02BA06	acute renal failure
Salsalate	N02BA06	anaphylactic shock
Salsalate	N02BA06	bullous eruptions
Salsalate	N02BA06	neutropenia
Salsalate	N02BA06	agranulocytosis
Salsalate	N02BA06	aplastic anaemia
Salsalate	N02BA06	pancytopenia
Salsalate	N02BA06	rhabdomyolysis
Salsalate	N02BA06	upper gastrointestinal bleeding
Sibutramine	A08AA10	liver failure, acute
Sibutramine	A08AA10	drug-induced liver injury
Sibutramine	A08AA10	acute myocardial infarction
Sibutramine	A08AA10	acute renal failure
Sibutramine	A08AA10	anaphylactic shock
Sibutramine	A08AA10	bullous eruptions
Sibutramine	A08AA10	neutropenia
Sibutramine	A08AA10	agranulocytosis
Sibutramine	A08AA10	aplastic anaemia
Sibutramine	A08AA10	pancytopenia
Sibutramine	A08AA10	rhabdomyolysis
Sibutramine	A08AA10	upper gastrointestinal bleeding
Simvastatin	C10AA01	liver failure, acute
Simvastatin	C10AA01	drug-induced liver injury
Simvastatin	C10AA01	acute myocardial infarction
Simvastatin	C10AA01	acute renal failure
Simvastatin	C10AA01	anaphylactic shock
Simvastatin	C10AA01	bullous eruptions
Simvastatin	C10AA01	neutropenia
Simvastatin	C10AA01	agranulocytosis
Simvastatin	C10AA01	aplastic anaemia
Simvastatin	C10AA01	pancytopenia
Simvastatin	C10AA01	rhabdomyolysis
Simvastatin	C10AA01	upper gastrointestinal bleeding
Streptomycin	A07AA04	liver failure, acute
Streptomycin	A07AA04	drug-induced liver injury
Streptomycin	A07AA04	acute myocardial infarction
Streptomycin	A07AA04	acute renal failure
Streptomycin	A07AA04	anaphylactic shock
Streptomycin	A07AA04	bullous eruptions
Streptomycin	A07AA04	neutropenia
Streptomycin	A07AA04	agranulocytosis
Streptomycin	A07AA04	aplastic anaemia
Streptomycin	A07AA04	pancytopenia
Streptomycin	A07AA04	rhabdomyolysis
Streptomycin	A07AA04	upper gastrointestinal bleeding
Sucralfate	A02BX02	liver failure, acute
Sucralfate	A02BX02	drug-induced liver injury
Sucralfate	A02BX02	acute myocardial infarction
Sucralfate	A02BX02	acute renal failure
Sucralfate	A02BX02	anaphylactic shock
Sucralfate	A02BX02	bullous eruptions
Sucralfate	A02BX02	neutropenia
Sucralfate	A02BX02	agranulocytosis
Sucralfate	A02BX02	aplastic anaemia
Sucralfate	A02BX02	pancytopenia
Sucralfate	A02BX02	rhabdomyolysis
Sucralfate	A02BX02	upper gastrointestinal bleeding
Sufentanil	N01AH03	liver failure, acute
Sufentanil	N01AH03	drug-induced liver injury
Sufentanil	N01AH03	acute myocardial infarction
Sufentanil	N01AH03	acute renal failure
Sufentanil	N01AH03	anaphylactic shock
Sufentanil	N01AH03	bullous eruptions
Sufentanil	N01AH03	neutropenia
Sufentanil	N01AH03	agranulocytosis
Sufentanil	N01AH03	aplastic anaemia
Sufentanil	N01AH03	pancytopenia
Sufentanil	N01AH03	rhabdomyolysis
Sufentanil	N01AH03	upper gastrointestinal bleeding
Sulfamethizole	B05CA04	liver failure, acute
Sulfamethizole	B05CA04	drug-induced liver injury
Sulfamethizole	B05CA04	acute myocardial infarction
Sulfamethizole	B05CA04	acute renal failure
Sulfamethizole	B05CA04	anaphylactic shock
Sulfamethizole	B05CA04	bullous eruptions
Sulfamethizole	B05CA04	neutropenia
Sulfamethizole	B05CA04	agranulocytosis
Sulfamethizole	B05CA04	aplastic anaemia
Sulfamethizole	B05CA04	pancytopenia
Sulfamethizole	B05CA04	rhabdomyolysis
Sulfamethizole	B05CA04	upper gastrointestinal bleeding
Sulfasalazine	A07EC01	liver failure, acute
Sulfasalazine	A07EC01	drug-induced liver injury
Sulfasalazine	A07EC01	acute myocardial infarction
Sulfasalazine	A07EC01	acute renal failure
Sulfasalazine	A07EC01	anaphylactic shock
Sulfasalazine	A07EC01	bullous eruptions
Sulfasalazine	A07EC01	neutropenia
Sulfasalazine	A07EC01	agranulocytosis
Sulfasalazine	A07EC01	aplastic anaemia
Sulfasalazine	A07EC01	pancytopenia
Sulfasalazine	A07EC01	rhabdomyolysis
Sulfasalazine	A07EC01	upper gastrointestinal bleeding
Sulindac	M01AB02	liver failure, acute
Sulindac	M01AB02	drug-induced liver injury
Sulindac	M01AB02	acute myocardial infarction
Sulindac	M01AB02	acute renal failure
Sulindac	M01AB02	anaphylactic shock
Sulindac	M01AB02	bullous eruptions
Sulindac	M01AB02	neutropenia
Sulindac	M01AB02	agranulocytosis
Sulindac	M01AB02	aplastic anaemia
Sulindac	M01AB02	pancytopenia
Sulindac	M01AB02	rhabdomyolysis
Sulindac	M01AB02	upper gastrointestinal bleeding
Sunitinib	L01XE04	liver failure, acute
Sunitinib	L01XE04	drug-induced liver injury
Sunitinib	L01XE04	acute myocardial infarction
Sunitinib	L01XE04	acute renal failure
Sunitinib	L01XE04	anaphylactic shock
Sunitinib	L01XE04	bullous eruptions
Sunitinib	L01XE04	neutropenia
Sunitinib	L01XE04	agranulocytosis
Sunitinib	L01XE04	aplastic anaemia
Sunitinib	L01XE04	pancytopenia
Sunitinib	L01XE04	rhabdomyolysis
Sunitinib	L01XE04	upper gastrointestinal bleeding
Tazobactam	J01CG02	liver failure, acute
Tazobactam	J01CG02	drug-induced liver injury
Tazobactam	J01CG02	acute myocardial infarction
Tazobactam	J01CG02	acute renal failure
Tazobactam	J01CG02	anaphylactic shock
Tazobactam	J01CG02	bullous eruptions
Tazobactam	J01CG02	neutropenia
Tazobactam	J01CG02	agranulocytosis
Tazobactam	J01CG02	aplastic anaemia
Tazobactam	J01CG02	pancytopenia
Tazobactam	J01CG02	rhabdomyolysis
Tazobactam	J01CG02	upper gastrointestinal bleeding
Telithromycin	J01FA15	liver failure, acute
Telithromycin	J01FA15	drug-induced liver injury
Telithromycin	J01FA15	acute myocardial infarction
Telithromycin	J01FA15	acute renal failure
Telithromycin	J01FA15	anaphylactic shock
Telithromycin	J01FA15	bullous eruptions
Telithromycin	J01FA15	neutropenia
Telithromycin	J01FA15	agranulocytosis
Telithromycin	J01FA15	aplastic anaemia
Telithromycin	J01FA15	pancytopenia
Telithromycin	J01FA15	rhabdomyolysis
Telithromycin	J01FA15	upper gastrointestinal bleeding
Tiagabine	N03AG06	liver failure, acute
Tiagabine	N03AG06	drug-induced liver injury
Tiagabine	N03AG06	acute myocardial infarction
Tiagabine	N03AG06	acute renal failure
Tiagabine	N03AG06	anaphylactic shock
Tiagabine	N03AG06	bullous eruptions
Tiagabine	N03AG06	neutropenia
Tiagabine	N03AG06	agranulocytosis
Tiagabine	N03AG06	aplastic anaemia
Tiagabine	N03AG06	pancytopenia
Tiagabine	N03AG06	rhabdomyolysis
Tiagabine	N03AG06	upper gastrointestinal bleeding
Ticlopidine	B01AC05	liver failure, acute
Ticlopidine	B01AC05	drug-induced liver injury
Ticlopidine	B01AC05	acute myocardial infarction
Ticlopidine	B01AC05	acute renal failure
Ticlopidine	B01AC05	anaphylactic shock
Ticlopidine	B01AC05	bullous eruptions
Ticlopidine	B01AC05	neutropenia
Ticlopidine	B01AC05	agranulocytosis
Ticlopidine	B01AC05	aplastic anaemia
Ticlopidine	B01AC05	pancytopenia
Ticlopidine	B01AC05	rhabdomyolysis
Ticlopidine	B01AC05	upper gastrointestinal bleeding
Tigecycline	J01AA12	liver failure, acute
Tigecycline	J01AA12	drug-induced liver injury
Tigecycline	J01AA12	acute myocardial infarction
Tigecycline	J01AA12	acute renal failure
Tigecycline	J01AA12	anaphylactic shock
Tigecycline	J01AA12	bullous eruptions
Tigecycline	J01AA12	neutropenia
Tigecycline	J01AA12	agranulocytosis
Tigecycline	J01AA12	aplastic anaemia
Tigecycline	J01AA12	pancytopenia
Tigecycline	J01AA12	rhabdomyolysis
Tigecycline	J01AA12	upper gastrointestinal bleeding
Tizanidine	M03BX02	liver failure, acute
Tizanidine	M03BX02	drug-induced liver injury
Tizanidine	M03BX02	acute myocardial infarction
Tizanidine	M03BX02	acute renal failure
Tizanidine	M03BX02	anaphylactic shock
Tizanidine	M03BX02	bullous eruptions
Tizanidine	M03BX02	neutropenia
Tizanidine	M03BX02	agranulocytosis
Tizanidine	M03BX02	aplastic anaemia
Tizanidine	M03BX02	pancytopenia
Tizanidine	M03BX02	rhabdomyolysis
Tizanidine	M03BX02	upper gastrointestinal bleeding
Treprostinil	B01AC21	liver failure, acute
Treprostinil	B01AC21	drug-induced liver injury
Treprostinil	B01AC21	acute myocardial infarction
Treprostinil	B01AC21	acute renal failure
Treprostinil	B01AC21	anaphylactic shock
Treprostinil	B01AC21	bullous eruptions
Treprostinil	B01AC21	neutropenia
Treprostinil	B01AC21	agranulocytosis
Treprostinil	B01AC21	aplastic anaemia
Treprostinil	B01AC21	pancytopenia
Treprostinil	B01AC21	rhabdomyolysis
Treprostinil	B01AC21	upper gastrointestinal bleeding
Triamcinolone	A01AC01	liver failure, acute
Triamcinolone	A01AC01	drug-induced liver injury
Triamcinolone	A01AC01	acute myocardial infarction
Triamcinolone	A01AC01	acute renal failure
Triamcinolone	A01AC01	anaphylactic shock
Triamcinolone	A01AC01	bullous eruptions
Triamcinolone	A01AC01	neutropenia
Triamcinolone	A01AC01	agranulocytosis
Triamcinolone	A01AC01	aplastic anaemia
Triamcinolone	A01AC01	pancytopenia
Triamcinolone	A01AC01	rhabdomyolysis
Triamcinolone	A01AC01	upper gastrointestinal bleeding
Trimetrexate	P01AX07	liver failure, acute
Trimetrexate	P01AX07	drug-induced liver injury
Trimetrexate	P01AX07	acute myocardial infarction
Trimetrexate	P01AX07	acute renal failure
Trimetrexate	P01AX07	anaphylactic shock
Trimetrexate	P01AX07	bullous eruptions
Trimetrexate	P01AX07	neutropenia
Trimetrexate	P01AX07	agranulocytosis
Trimetrexate	P01AX07	aplastic anaemia
Trimetrexate	P01AX07	pancytopenia
Trimetrexate	P01AX07	rhabdomyolysis
Trimetrexate	P01AX07	upper gastrointestinal bleeding
Triprolidine	R06AX07	liver failure, acute
Triprolidine	R06AX07	drug-induced liver injury
Triprolidine	R06AX07	acute myocardial infarction
Triprolidine	R06AX07	acute renal failure
Triprolidine	R06AX07	anaphylactic shock
Triprolidine	R06AX07	bullous eruptions
Triprolidine	R06AX07	neutropenia
Triprolidine	R06AX07	agranulocytosis
Triprolidine	R06AX07	aplastic anaemia
Triprolidine	R06AX07	pancytopenia
Triprolidine	R06AX07	rhabdomyolysis
Triprolidine	R06AX07	upper gastrointestinal bleeding
Valsartan	C09CA03	liver failure, acute
Valsartan	C09CA03	drug-induced liver injury
Valsartan	C09CA03	acute myocardial infarction
Valsartan	C09CA03	acute renal failure
Valsartan	C09CA03	anaphylactic shock
Valsartan	C09CA03	bullous eruptions
Valsartan	C09CA03	neutropenia
Valsartan	C09CA03	agranulocytosis
Valsartan	C09CA03	aplastic anaemia
Valsartan	C09CA03	pancytopenia
Valsartan	C09CA03	rhabdomyolysis
Valsartan	C09CA03	upper gastrointestinal bleeding
Yohimbine	G04BE04	liver failure, acute
Yohimbine	G04BE04	drug-induced liver injury
Yohimbine	G04BE04	acute myocardial infarction
Yohimbine	G04BE04	acute renal failure
Yohimbine	G04BE04	anaphylactic shock
Yohimbine	G04BE04	bullous eruptions
Yohimbine	G04BE04	neutropenia
Yohimbine	G04BE04	agranulocytosis
Yohimbine	G04BE04	aplastic anaemia
Yohimbine	G04BE04	pancytopenia
Yohimbine	G04BE04	rhabdomyolysis
Yohimbine	G04BE04	upper gastrointestinal bleeding
Zidovudine	J05AF01	liver failure, acute
Zidovudine	J05AF01	drug-induced liver injury
Zidovudine	J05AF01	acute myocardial infarction
Zidovudine	J05AF01	acute renal failure
Zidovudine	J05AF01	anaphylactic shock
Zidovudine	J05AF01	bullous eruptions
Zidovudine	J05AF01	neutropenia
Zidovudine	J05AF01	agranulocytosis
Zidovudine	J05AF01	aplastic anaemia
Zidovudine	J05AF01	pancytopenia
Zidovudine	J05AF01	rhabdomyolysis
Zidovudine	J05AF01	upper gastrointestinal bleeding
Zinc	A12CB	liver failure, acute
Zinc	A12CB	drug-induced liver injury
Zinc	A12CB	acute myocardial infarction
Zinc	A12CB	acute renal failure
Zinc	A12CB	anaphylactic shock
Zinc	A12CB	bullous eruptions
Zinc	A12CB	neutropenia
Zinc	A12CB	agranulocytosis
Zinc	A12CB	aplastic anaemia
Zinc	A12CB	pancytopenia
Zinc	A12CB	rhabdomyolysis
Zinc	A12CB	upper gastrointestinal bleeding
